name,com_available,com_inventory,source,checked
lanternlot,YES,Standard,godaddy-mcp,2026-09-17
evenbasis,YES,Standard,godaddy-mcp,2026-09-17
beaconlot,YES,Standard,godaddy-mcp,2026-09-17
lanterntally,YES,Standard,godaddy-mcp,2026-09-17
levelbasis,YES,Standard,godaddy-mcp,2026-09-17
beacontally,YES,Standard,godaddy-mcp,2026-09-17
lanternbasis,YES,Standard,godaddy-mcp,2026-09-17
quiettally,YES,Standard,godaddy-mcp,2026-09-17
orchardlot,YES,Standard,godaddy-mcp,2026-09-17
ferrytally,YES,Standard,godaddy-mcp,2026-09-17
quarrytally,YES,Standard,godaddy-mcp,2026-09-17
ridgetally,YES,Standard,godaddy-mcp,2026-09-17
plaintenor,YES,Standard,godaddy-mcp,2026-09-17
quietparity,YES,Standard,godaddy-mcp,2026-09-17
opentenor,YES,Standard,godaddy-mcp,2026-09-17
fairtenor,YES,Standard,godaddy-mcp,2026-09-17
ferrylot,YES,Standard,godaddy-mcp,2026-09-17
ferrybasis,YES,Standard,godaddy-mcp,2026-09-17
meadowlot,YES,Standard,godaddy-mcp,2026-09-17
meadowbasis,YES,Standard,godaddy-mcp,2026-09-17
orchardtally,YES,Standard,godaddy-mcp,2026-09-17
wharflot,YES,Standard,godaddy-mcp,2026-09-17
wharftally,YES,Standard,godaddy-mcp,2026-09-17
kilnbasis,YES,Standard,godaddy-mcp,2026-09-17
kilnledger,YES,Standard,godaddy-mcp,2026-09-17
tenoravia,YES,Standard,godaddy-mcp,2026-09-17
tranchera,YES,Standard,godaddy-mcp,2026-09-17
tenoralis,YES,Standard,godaddy-mcp,2026-09-17
paritana,YES,Standard,godaddy-mcp,2026-09-17
ordenalis,YES,Standard,godaddy-mcp,2026-09-17
rondevia,YES,Standard,godaddy-mcp,2026-09-17
talvinia,YES,Standard,godaddy-mcp,2026-09-17
latticebasis,YES,Standard,godaddy-mcp,2026-09-17
trellisledger,YES,Standard,godaddy-mcp,2026-09-17
cobblebasis,YES,Standard,godaddy-mcp,2026-09-17
northbell,YES,PREMIUM,godaddy-mcp,2026-09-17
talvin,YES,PREMIUM,godaddy-mcp,2026-09-17
tickline,YES,PREMIUM,godaddy-mcp,2026-09-17
helmstone,YES,PREMIUM,godaddy-mcp,2026-09-17
tenorbell,YES,PREMIUM,godaddy-mcp,2026-09-17
riverlot,YES,PREMIUM,godaddy-mcp,2026-09-17
lanternpost,YES,PREMIUM,godaddy-mcp,2026-09-17
beaconpost,YES,PREMIUM,godaddy-mcp,2026-09-17
truebasis,YES,PREMIUM,godaddy-mcp,2026-09-17
plainledger,YES,PREMIUM,godaddy-mcp,2026-09-17
evenledger,YES,PREMIUM,godaddy-mcp,2026-09-17
cleartally,YES,PREMIUM,godaddy-mcp,2026-09-17
bridgetally,YES,PREMIUM,godaddy-mcp,2026-09-17
solventia,YES,PREMIUM,godaddy-mcp,2026-09-17
torvenia,YES,PREMIUM,godaddy-mcp,2026-09-17
wholebasis,YES,PREMIUM,godaddy-mcp,2026-09-17
harborlot,YES,PREMIUM,godaddy-mcp,2026-09-17
bridgebasis,YES,PREMIUM,godaddy-mcp,2026-09-17
orbitana,YES,PREMIUM,godaddy-mcp,2026-09-17
torven,NO,-,registrar+godaddy,2026-09-17
keelstone,NO,-,registrar+godaddy,2026-09-17
rondeva,NO,-,registrar+godaddy,2026-09-17
larkstone,NO,-,registrar+godaddy,2026-09-17
truetenor,NO,-,registrar+godaddy,2026-09-17
foredeck,NO,-,registrar+godaddy,2026-09-17
beamhouse,NO,-,registrar+godaddy,2026-09-17
lotline,NO,-,registrar+godaddy,2026-09-17
indexel,NO,-,registrar+godaddy,2026-09-17
tallyhouse,NO,-,registrar+godaddy,2026-09-17
cairnpost,NO,-,registrar+godaddy,2026-09-17
anvilbay,NO,-,registrar+godaddy,2026-09-17
clearbasis,NO,-,registrar+godaddy,2026-09-17
stavion,NO,-,registrar+godaddy,2026-09-17
halvernia,NO,-,registrar+godaddy,2026-09-17
